 {
 	"C": [1.0, 0, "C"],
	"ppm": [1.0, 0, "ppm"],
 	"F": [0.55555555, -17.77777777, "C"],
 	"kg/sec": [3600.0, 0, "kg/hr"],
 	"kg/min": [60.0, 0, "kg/hr"],
 	"kg/hr": [1.0, 0, "kg/hr"],
 	"kg/day": [0.0416667, 0, "kg/hr"],
 	"kg/yr": [0.000114155, 0, "kg/hr"],
 	"lb/sec": [1632.93, 0, "kg/hr"],
 	"lb/min": [27.2155, 0, "kg/hr"],
 	"lb/hr": [0.453592, 0, "kg/hr"],
 	"lb/day": [0.0188997, 0, "kg/hr"],
 	"lb/yr": [0.00005178, 0, "kg/hr"],
 	"ton/sec": [3265865.06, 0, "kg/hr"],
 	"ton/min": [54431.0844, 0, "kg/hr"],
 	"ton/hr": [907.185, 0, "kg/hr"],
 	"ton/day": [37.7994, 0, "kg/hr"],
 	"ton/yr": [0.10356, 0, "kg/hr"],
 	"cum/sec": [3600.0, 0, "cum/hr"],
 	"cum/min": [60.0, 0, "cum/hr"],
 	"cum/hr": [1.0, 0, "cum/hr"],
 	"cum/day": [0.0416667, 0, "cum/hr"],
 	"cum/yr": [0.000114155, 0, "cum/hr"],
 	"cuft/sec": [101.941, 0, "cum/hr"],
 	"cuft/min": [1.69901, 0, "cum/hr"],
 	"cuft/hr": [0.0283168, 0, "cum/hr"],
 	"cuft/day": [0.00117987, 0, "cum/hr"],
 	"cuft/yr": [3.2325217548714104e-06, 0, "cum/hr"],
 	"gal/sec": [13.6275, 0, "cum/hr"],
 	"gal/min": [0.227125, 0, "cum/hr"],
 	"gal/hr": [0.00378541, 0, "cum/hr"],
 	"gal/day": [0.000157725, 0, "cum/hr"],
 	"gal/yr": [0.000000431838083, 0, "cum/hr"],
 	"l/sec": [3.6, 0, "cum/hr"],
 	"l/min": [0.06, 0, "cum/hr"],
 	"l/hr": [0.001, "cum/hr"],
 	"l/day": [0.0000416667, 0, "cum/hr"],
 	"l/yr": [0.000000114079553, 0, "cum/hr"],
 	"kl/day": [0.0416667, 0, "cum/hr"],
 	"Ml/day": [41.6667, 0, "cum/hr"],
 	"Ncum/hr": [0.000277778, 0, "cum/hr"],
 	"MMSCFD": [1177.77, 0, "cum/hr"],
 	"MSCFD": [117777.0, 0, "cum/hr"],
 	"SCFD": [0.00000117777, 0, "cum/hr"],
 	"SCFM": [1.69901, 0, "cum/hr"],
 	"CFM": [1.69901, 0, "cum/hr"],
 	"bar": [1.0, 0, "bar"],
 	"barg": [1.0, 1.01325, "bar"],
 	"mmbar": [0.001, 0, "bar"],
 	"MPa": [10.0, 0, "bar"],
 	"kPa": [0.01, 0, "bar"],
 	"Pa": [0.00001, 0, "bar"],
 	"kg/sqcm": [0.980665, 0, "bar"],
 	"atm": [1.01325, 0, "bar"],
 	"mmHg": [0.00133322, 0, "bar"],
 	"inHg": [0.0338639, 0, "bar"],
 	"psi": [0.0689476, 0, "bar"],
 	"psig": [0.0689476, 0.101352972, "bar"],
 	"min": [1.0, 0, "min"],
 	"sec": [0.0166667, 0, "min"],
 	"hr": [60.0, 0, "min"],
 	"day": [1440.0, 0, "min"],
 	"month": [43800.0, 0, "min"],
 	"yr": [525600.0, 0, "min"],
 	"m": [1.0, 0, "m"],
 	"cm": [0.01, 0, "m"],
 	"mm": [0.001, 0, "m"],
 	"in": [0.0254, 0, "m"],
 	"ft": [0.3048, 0, "m"],
 	"sqm": [1.0, 0, "sqm"],
 	"sqcm": [0.0001, 0, "sqm"],
 	"sqmm": [1e-6, 0, "sqm"],
 	"sqft": [0.09290304, 0, "sqm"],
 	"sqin": [0.00064516, 0, "sqm"],
 	"cum": [1.0, 0, "cum"],
 	"cucm": [0.000001, 0, "cum"],
 	"cumm": [1e-9, 0, "cum"],
 	"cuft": [0.0283168, 0, "cum"],
 	"cuin": [0.0000163871, 0, "cum"],
 	"l": [0.001, 0, "cum"],
 	"gal": [0.00378541, 0, "cum"],
 	"gal/sqft-min": [1.0, 0, "gal/sqft-min"],
 	"cum/sqm-sec": [15850.3, 0, "gal/sqft-min"],
 	"cuft/sqft-sec": [448.831, 0, "gal/sqft-min"],
 	"kg/cum": [1.0, 0, "kg/cum"],
 	"lb/cuft": [16.0185, 0, "kg/cum"],
 	"SG": [1000.0, 0, "kg/cum"],
 	"cP": [1.0, 0, "cP"],
 	"Pa-sec": [1000.0, 0, "cP"],
 	"mPa-sec": [1.0, 0, "cP"],
 	"kJ/kg-C": [1.0, 0, "kJ/kg-C"],
 	"J/kg-C": [0.001, 0, "kJ/kg-C"],
 	"kcal/kg-C": [4.184, 0, "kJ/kg-C"],
 	"BTU/lb-F": [4.1868, "kJ/kg-C"],
 	"kJ/kg": [1.0, 0, "kJ/kg"],
 	"J/kg": [0.001, 0, "kJ/kg"],
 	"kcal/kg": [4.184, 0, "kJ/kg"],
 	"BTU/lb": [2.326, 0, "kJ/kg"],
 	"Volts": [1.0, 0, "Volts"],
 	"Amp": [1.0, 0, "Amp"],
 	"MOhm-cm": [1.0, 0, "MOhm-cm"],
 	"uS/cm": [1.0, 0, "uS/cm"],
 	"kWhr": [1.0, 0, "kWhr"],
 	"kW": [1.0, 0, "kW"],
 	"kWhr/1000gal": [1.0, 0, "kWhr/1000gal"],
	"m/sec":[1.0,0, "m/sec"],
	"cm/sec":[ 0.01,0, "m/sec"],
	"mm/sec":[ 0.001,0, "m/sec"],
	"in/sec":[ 0.0254,0, "m/sec"],
	"ft/sec":[ 0.3048,0, "m/sec"],
	"MGD":[157.725491, 0,"cum/hr"]
 }