{
	"C": [1.0, 0, "C"],
	"F": [1.8, 32.0, "C"],
	"kg/sec": [0.000277778, 0, "kg/hr"],
	"kg/min": [0.0166667, 0, "kg/hr"],
	"kg/hr": [1.0, 0, "kg/hr"],
	"kg/day": [24.0, 0, "kg/hr"],
	"kg/yr": [8760.0, 0, "kg/hr"],
	"lb/sec": [0.000612395, 0, "kg/hr"],
	"lb/min": [0.0367437, 0, "kg/hr"],
	"lb/hr": [2.20462, 0, "kg/hr"],
	"lb/day": [52.9109, 0, "kg/hr"],
	"lb/yr": [19312.5, 0, "kg/hr"],
	"ton/sec": [3.06198e-7, 0, "kg/hr"],
	"ton/min": [1.83719e-5, 0, "kg/hr"],
	"ton/hr": [0.00110231, 0, "kg/hr"],
	"ton/day": [0.0264555, 0, "kg/hr"],
	"ton/yr": [9.65625, 0, "kg/hr"],
	"cum/sec": [0.000277778, 0, "cum/hr"],
	"cum/min": [0.0166667, 0, "cum/hr"],
	"cum/hr": [1.0, 0, "cum/hr"],
	"cum/day": [24.0, 0, "cum/hr"],
	"cum/yr": [8760.0, 0, "cum/hr"],
	"cuft/sec": [0.00980963, 0, "cum/hr"],
	"cuft/min": [0.588578, 0, "cum/hr"],
	"cuft/hr": [35.3147, 0, "cum/hr"],
	"cuft/day": [847.552, 0, "cum/hr"],
	"cuft/yr": [309356.0, 0, "cum/hr"],
	"gal/sec": [0.0733811, 0, "cum/hr"],
	"gal/min": [4.40287, 0, "cum/hr"],
	"gal/hr": [264.172, 0, "cum/hr"],
	"gal/day": [6340.13, 0, "cum/hr"],
	"gal/yr": [2.314e+6, 0, "cum/hr"],
	"l/sec": [0.277778, 0, "cum/hr"],
	"l/min": [16.6667, 0, "cum/hr"],
	"l/hr": [1000.0, "cum/hr"],
	"l/day": [24000.0, 0, "cum/hr"],
	"l/yr": [8.76e+6, 0, "cum/hr"],
	"kl/day": [24.0, 0, "cum/hr"],
	"Ml/day": [0.024, 0, "cum/hr"],
	"Ncum/hr": [3600.0, 0, "cum/hr"],
	"MMSCFD": [0.000849, 0, "cum/hr"],
	"MSCFD": [8.4906221e-06, 0, "cum/hr"],
	"SCFD": [0.00000117777, 0, "cum/hr"],
	"SCFM": [0.5885780, 0, "cum/hr"],
	"CFM": [0.5885780, 0, "cum/hr"],
	"bar": [1.0, 0, "bar"],
	"barg": [1.0, -1.01325, "bar"],
	"mmbar": [1000.0, 0, "bar"],
	"MPa": [0.1, 0, "bar"],
	"kPa": [100.0, 0, "bar"],
	"Pa": [100000.0, 0, "bar"],
	"kg/sqcm": [1.01972, 0, "bar"],
	"atm": [0.986923, 0, "bar"],
	"mmHg": [750.063, 0, "bar"],
	"inHg": [29.53, 0, "bar"],
	"psi": [14.5038, 0, "bar"],
	"psig": [14.5038, -0.101352972, "bar"],
	"min": [1.0, 0, "min"],
	"sec": [60.0, 0, "min"],
	"hr": [0.0166667, 0, "min"],
	"day": [0.000694444, 0, "min"],
	"month": [2.2831e-5, 0, "min"],
	"yr": [1.90259e-6, 0, "min"],
	"m": [1.0, 0, "m"],
	"cm": [100.0, 0, "m"],
	"mm": [1000.0, 0, "m"],
	"in": [39.3701, 0, "m"],
	"ft": [3.28084, 0, "m"],
	"sqm": [1.0, 0, "sqm"],
	"sqcm": [10000.0, 0, "sqm"],
	"sqmm": [1000000.0, 0, "sqm"],
	"sqft": [10.7639, 0, "sqm"],
	"sqin": [1550.0, 0, "sqm"],
	"cum": [1.0, 0, "cum"],
	"cucm": [1000000.0, 0, "cum"],
	"cumm": [1e+9, 0, "cum"],
	"cuft": [35.3147, 0, "cum"],
	"cuin": [61023.7, 0, "cum"],
	"l": [1000.0, 0, "cum"],
	"gal": [264.172, 0, "cum"],
	"gal/sqft-min": [1.0, 0, "gal/sqft-min"],
	"cum/sqm-sec": [6.30902e-5, 0, "gal/sqft-min"],
	"cuft/sqft-sec": [0.00222801, 0, "gal/sqft-min"],
	"gal/sqft-day": [1440.0, 0, "gal/sqft-min"],
	"l/sqft-min": [3.78541, 0, "gal/sqft-min"],
	"kg/cum": [1.0, 0, "kg/cum"],
	"kg/cuft": [0.0283168199, 0, "kg/cum"],
	"lb/cuft": [0.062428, 0, "kg/cum"],
	"SG": [0.001, 0, "kg/cum"],
	"cP": [1.0, 0, "cP"],
	"Pa-sec": [0.001, 0, "cP"],
	"mPa-sec": [1.0, 0, "cP"],
	"kJ/kg-C": [1.0, 0, "kJ/kg-C"],
	"J/kg-C": [1000.0, 0, "kJ/kg-C"],
	"kcal/kg-C": [0.239006, 0, "kJ/kg-C"],
	"BTU/lb-F": [0.239006, "kJ/kg-C"],
	"kJ/kg": [1.0, 0, "kJ/kg"],
	"J/kg": [1000.0, 0, "kJ/kg"],
	"kcal/kg": [0.239006, 0, "kJ/kg"],
	"BTU/lb": [0.429923, 0, "kJ/kg"],
	"Volts": [1.0, 0, "Volts"],
	"Amp": [1.0, 0, "Amp"],
	"MOhm-cm": [1.0, 0, "MOhm-cm"],
	"uS/cm": [1.0, 0, "uS/cm"],
	"kWhr": [1.0, 0, "kWhr"],
	"kW": [1.0, 0, "kW"],
	"kWhr/1000gal": [1.0, 0, "kWhr/1000gal"],
	"kg": [1.0, 0, "kg"],
	"lb": [2.20462, 0, "kg"]
}